0,74.278,74.278,0.0,0.006
1,68.501,68.501,0.0,0.006
2,81.092,72.867,10.1,0.01
3,77.672,77.672,0.0,0.006
4,72.867,72.867,0.0,0.005
5,82.137,75.968,7.5,0.006
6,82.137,75.968,7.5,0.006
7,80.022,80.022,0.0,0.003
8,81.305,80.093,1.5,0.007
9,64.355,62.193,3.4,0.006
0,65.789,61.427,6.6,0.007
1,70.891,66.808,5.8,0.006
2,70.891,66.808,5.8,0.006
3,61.759,57.397,7.1,0.006
4,74.305,70.953,4.5,0.009
5,75.479,74.289,1.6,0.007
6,72.93,71.564,1.9,0.007
7,70.891,66.808,5.8,0.006
8,75.948,69.103,9.0,0.007
9,61.794,59.39,3.9,0.005
0,73.195,66.986,8.5,0.009
1,76.152,74.698,1.9,0.01
2,77.252,77.252,0.0,0.004
3,74.668,70.008,6.2,0.008
4,77.121,74.027,4.0,0.006
5,76.152,74.698,1.9,0.009
6,66.986,66.986,0.0,0.003
7,75.505,72.775,3.6,0.006
8,73.453,67.028,8.7,0.007
9,70.696,60.423,14.5,0.012
0,70.8,70.8,0.0,0.005
1,80.262,80.262,0.0,0.004
2,70.8,70.8,0.0,0.003
3,93.75,82.94,11.5,0.007
4,70.8,70.8,0.0,0.004
5,70.42,70.42,0.0,0.003
6,71.054,71.054,0.0,0.004
7,71.054,71.054,0.0,0.004
8,81.224,71.379,12.1,0.007
9,71.054,71.054,0.0,0.003
0,78.859,76.405,3.1,0.007
1,77.199,74.015,4.1,0.007
2,78.859,76.405,3.1,0.007
3,78.859,76.405,3.1,0.009
4,76.337,74.376,2.6,0.007
5,66.111,62.953,4.8,0.023
6,69.098,63.63,7.9,0.009
7,78.415,77.948,0.6,0.006
8,72.51,68.63,5.4,0.008
9,79.322,76.405,3.7,0.009
0,78.076,75.031,3.9,0.012
1,88.569,82.968,6.3,0.01
2,78.076,75.031,3.9,0.012
3,84.4,80.367,4.8,0.006
4,76.276,75.031,1.6,0.009
5,77.377,74.212,4.1,0.005
6,71.802,71.802,0.0,0.003
7,76.982,76.982,0.0,0.004
8,74.334,74.334,0.0,0.004
9,100.052,95.097,5.0,0.007
0,77.014,74.903,2.7,0.01
1,98.199,97.015,1.2,0.009
2,77.463,76.514,1.2,0.007
3,88.223,85.057,3.6,0.007
4,73.912,71.484,3.3,0.006
5,87.245,82.117,5.9,0.013
6,99.907,78.989,20.9,0.009
7,90.974,82.559,9.3,0.007
8,86.553,79.439,8.2,0.008
9,84.871,80.343,5.3,0.008
0,59.485,51.956,12.7,0.006
1,60.401,51.779,14.3,0.006
2,57.578,52.807,8.3,0.005
3,63.243,63.243,0.0,0.004
4,60.044,52.91,11.9,0.008
5,61.716,56.945,7.7,0.006
6,57.154,50.442,11.7,0.005
7,61.381,61.272,0.2,0.006
8,65.574,64.445,1.7,0.007
9,61.326,57.961,5.5,0.006
0,87.583,85.341,2.6,0.006
1,85.866,85.866,0.0,0.003
2,79.055,79.055,0.0,0.004
3,81.617,78.542,3.8,0.01
4,94.476,89.906,4.8,0.006
5,94.476,89.906,4.8,0.006
6,87.583,85.341,2.6,0.007
7,88.845,88.417,0.5,0.006
8,78.126,78.126,0.0,0.004
9,79.055,79.055,0.0,0.003
0,71.678,62.788,12.4,0.009
1,58.286,56.14,3.7,0.007
2,70.786,58.968,16.7,0.018
3,72.779,71.366,1.9,0.007
4,82.108,75.919,7.5,0.008
5,67.419,58.405,13.4,0.014
6,67.419,58.405,13.4,0.014
7,68.267,66.853,2.1,0.005
8,70.786,58.968,16.7,0.018
9,67.897,59.007,13.1,0.008
0,128.407,127.26,0.9,0.015
1,121.001,106.6,11.9,0.045
2,146.905,146.905,0.0,0.016
3,144.398,109.0,24.5,0.05
4,118.467,110.559,6.7,0.023
5,163.137,146.423,10.2,0.05
6,158.637,130.107,18.0,0.032
7,176.227,152.769,13.3,0.047
8,115.079,114.154,0.8,0.015
9,119.725,108.665,9.2,0.026
0,108.814,103.37,5.0,0.016
1,117.295,101.034,13.9,0.028
2,139.32,110.07,21.0,0.037
3,115.084,89.145,22.5,0.025
4,116.311,101.439,12.8,0.024
5,137.709,102.532,25.5,0.04
6,126.318,113.268,10.3,0.031
7,104.071,90.53,13.0,0.019
8,113.378,96.838,14.6,0.039
9,109.634,89.642,18.2,0.041
0,129.379,111.348,13.9,0.025
1,141.662,128.833,9.1,0.044
2,130.191,117.783,9.5,0.032
3,123.48,113.48,8.1,0.028
4,122.769,119.716,2.5,0.027
5,133.885,115.444,13.8,0.024
6,131.487,122.65,6.7,0.029
7,139.057,114.682,17.5,0.043
8,124.626,115.466,7.3,0.033
9,132.781,124.591,6.2,0.025
0,133.001,126.46,4.9,0.032
1,137.628,131.75,4.3,0.04
2,149.507,141.611,5.3,0.033
3,127.257,124.162,2.4,0.036
4,133.893,123.362,7.9,0.019
5,128.535,121.324,5.6,0.032
6,125.932,105.718,16.1,0.054
7,133.75,122.266,8.6,0.017
8,150.69,142.031,5.7,0.045
9,129.022,120.487,6.6,0.014
0,117.753,108.049,8.2,0.024
1,111.196,99.855,10.2,0.036
2,94.131,85.97,8.7,0.03
3,95.187,89.437,6.0,0.015
4,100.842,95.593,5.2,0.019
5,127.54,111.657,12.5,0.033
6,109.629,99.864,8.9,0.021
7,101.55,90.689,10.7,0.024
8,103.584,93.028,10.2,0.028
9,112.473,99.249,11.8,0.033
0,94.863,94.863,0.0,0.015
1,95.545,87.824,8.1,0.024
2,108.668,107.629,1.0,0.05
3,117.369,100.465,14.4,0.044
4,98.842,87.936,11.0,0.04
5,119.373,98.232,17.7,0.064
6,108.296,104.772,3.3,0.052
7,122.902,111.372,9.4,0.06
8,108.934,95.392,12.4,0.044
9,97.386,92.626,4.9,0.028
0,149.664,142.822,4.6,0.024
1,137.282,132.697,3.3,0.022
2,162.159,136.547,15.8,0.04
3,141.304,130.171,7.9,0.019
4,138.61,134.024,3.3,0.018
5,142.308,134.356,5.6,0.034
6,161.372,142.007,12.0,0.016
7,140.865,126.358,10.3,0.022
8,151.315,141.284,6.6,0.039
9,140.649,132.697,5.7,0.028
0,152.103,141.839,6.7,0.031
1,129.196,127.759,1.1,0.024
2,139.856,123.488,11.7,0.023
3,121.693,118.82,2.4,0.011
4,141.15,138.895,1.6,0.02
5,143.027,133.226,6.9,0.032
6,124.271,113.452,8.7,0.02
7,134.714,117.845,12.5,0.027
8,156.735,145.744,7.0,0.025
9,130.269,125.026,4.0,0.019
0,131.55,110.215,16.2,0.038
1,104.565,98.565,5.7,0.019
2,116.373,110.831,4.8,0.028
3,112.087,103.124,8.0,0.045
4,108.157,100.294,7.3,0.027
5,115.612,105.011,9.2,0.049
6,120.885,111.758,7.6,0.067
7,118.191,116.516,1.4,0.047
8,131.151,107.558,18.0,0.057
9,127.877,108.406,15.2,0.051
0,121.443,115.088,5.2,0.03
1,126.287,102.401,18.9,0.069
2,110.503,110.032,0.4,0.017
3,109.111,97.153,11.0,0.041
4,122.198,118.747,2.8,0.038
5,127.647,111.982,12.3,0.075
6,116.667,95.688,18.0,0.051
7,109.954,99.554,9.5,0.032
8,101.19,95.679,5.4,0.033
9,118.695,105.948,10.7,0.03
0,172.451,153.79,10.8,0.076
1,145.289,128.931,11.3,0.045
2,148.912,139.952,6.0,0.112
3,186.532,135.694,27.3,0.147
4,168.267,140.98,16.2,0.116
5,179.262,149.453,16.6,0.079
6,160.448,139.172,13.3,0.081
7,170.068,155.049,8.8,0.103
8,172.608,146.247,15.3,0.091
9,155.412,138.87,10.6,0.067
0,144.235,137.423,4.7,0.048
1,154.836,135.27,12.6,0.102
2,157.049,143.933,8.4,0.139
3,153.073,143.374,6.3,0.067
4,175.061,144.827,17.3,0.107
5,157.437,138.974,11.7,0.073
6,188.327,139.595,25.9,0.141
7,154.324,128.024,17.0,0.15
8,173.249,153.148,11.6,0.057
9,161.392,142.967,11.4,0.098
0,174.688,156.384,10.5,0.12
1,182.94,156.173,14.6,0.102
2,196.88,164.396,16.5,0.113
3,205.17,180.35,12.1,0.089
4,183.337,147.734,19.4,0.129
5,203.236,174.176,14.3,0.115
6,200.792,156.251,22.2,0.23
7,193.913,176.004,9.2,0.154
8,193.326,158.81,17.9,0.156
9,219.476,168.412,23.3,0.12
0,198.074,168.841,14.8,0.129
1,159.93,129.312,19.1,0.226
2,178.422,156.449,12.3,0.146
3,173.431,139.829,19.4,0.12
4,172.399,153.304,11.1,0.061
5,169.835,155.082,8.7,0.097
6,181.113,150.267,17.0,0.101
7,177.849,155.089,12.8,0.102
8,154.887,140.296,9.4,0.073
9,172.231,144.717,16.0,0.189
0,163.948,150.435,8.2,0.075
1,166.998,149.944,10.2,0.055
2,167.019,150.658,9.8,0.084
3,161.238,143.521,11.0,0.079
4,149.349,138.071,7.6,0.084
5,155.577,146.62,5.8,0.06
6,153.963,135.408,12.1,0.046
7,152.507,133.652,12.4,0.059
8,177.943,130.618,26.6,0.07
9,159.537,140.928,11.7,0.056
0,183.799,163.371,11.1,0.147
1,174.836,155.732,10.9,0.073
2,196.318,139.033,29.2,0.113
3,200.508,160.881,19.8,0.079
4,215.824,145.665,32.5,0.162
5,202.563,177.364,12.4,0.147
6,184.563,163.821,11.2,0.099
7,152.896,147.316,3.6,0.124
8,163.109,152.278,6.6,0.101
9,158.004,140.061,11.4,0.121
0,173.98,145.517,16.4,0.104
1,185.52,154.027,17.0,0.144
2,173.273,166.194,4.1,0.199
3,168.802,152.484,9.7,0.186
4,182.362,143.101,21.5,0.127
5,173.799,154.269,11.2,0.075
6,178.895,137.469,23.2,0.119
7,171.574,151.149,11.9,0.084
8,188.654,152.749,19.0,0.2
9,166.421,149.387,10.2,0.161
0,177.195,161.282,9.0,0.096
1,167.144,148.543,11.1,0.09
2,168.376,159.314,5.4,0.076
3,172.011,155.311,9.7,0.145
4,177.382,161.686,8.8,0.142
5,208.913,162.027,22.4,0.159
6,153.517,142.541,7.1,0.051
7,160.172,148.561,7.2,0.103
8,151.979,135.99,10.5,0.071
9,170.55,152.897,10.4,0.096
0,140.117,119.226,14.9,0.059
1,103.381,98.976,4.3,0.026
2,145.743,119.16,18.2,0.17
3,120.051,103.981,13.4,0.067
4,140.541,117.602,16.3,0.116
5,120.079,111.463,7.2,0.075
6,122.451,112.508,8.1,0.076
7,122.262,108.757,11.0,0.184
8,144.45,117.111,18.9,0.096
9,144.637,120.161,16.9,0.197
0,233.635,163.572,30.0,0.097
1,204.816,176.901,13.6,0.123
2,199.967,181.45,9.3,0.117
3,241.591,160.018,33.8,0.179
4,243.191,164.507,32.4,0.091
5,230.283,165.264,28.2,0.113
6,202.24,172.146,14.9,0.115
7,226.022,160.886,28.8,0.099
8,212.82,175.267,17.6,0.118
9,199.943,147.139,26.4,0.085
0,216.42,179.117,17.2,0.344
1,205.187,171.415,16.5,0.318
2,208.589,171.539,17.8,0.316
3,184.075,158.446,13.9,0.242
4,222.245,181.114,18.5,0.326
5,203.84,179.65,11.9,0.248
6,184.306,158.349,14.1,0.142
7,166.969,152.783,8.5,0.25
8,189.47,171.294,9.6,0.217
9,198.671,189.505,4.6,0.454
0,163.458,157.634,3.6,0.141
1,190.809,171.695,10.0,0.176
2,172.642,141.501,18.0,0.257
3,177.484,145.968,17.8,0.269
4,183.075,149.859,18.1,0.272
5,198.572,152.285,23.3,0.344
6,182.536,151.895,16.8,0.215
7,206.156,155.461,24.6,0.344
8,177.137,130.028,26.6,0.243
9,206.166,160.366,22.2,0.324
0,252.62,177.292,29.8,0.348
1,203.333,195.445,3.9,0.059
2,207.814,185.095,10.9,0.257
3,186.391,178.659,4.1,0.13
4,237.273,178.6,24.7,0.18
5,218.413,160.22,26.6,0.236
6,221.677,180.448,18.6,0.274
7,204.163,171.883,15.8,0.236
8,219.11,176.633,19.4,0.262
9,206.383,172.952,16.2,0.167
0,155.187,149.884,3.4,0.175
1,153.922,128.712,16.4,0.122
2,175.567,142.294,19.0,0.345
3,178.281,131.972,26.0,0.263
4,147.739,131.884,10.7,0.203
5,158.146,127.962,19.1,0.356
6,152.089,134.368,11.7,0.152
7,164.361,136.79,16.8,0.315
8,153.57,131.739,14.2,0.251
9,163.147,130.431,20.1,0.258
0,200.634,184.49,8.0,0.22
1,198.552,169.981,14.4,0.248
2,207.813,198.245,4.6,0.182
3,202.896,175.637,13.4,0.266
4,196.097,179.849,8.3,0.199
5,206.32,171.865,16.7,0.326
6,204.576,172.647,15.6,0.249
7,205.537,186.771,9.1,0.263
8,202.543,178.558,11.8,0.206
9,196.111,172.295,12.1,0.273
0,202.493,172.506,14.8,0.162
1,187.056,144.452,22.8,0.265
2,206.021,161.281,21.7,0.295
3,215.122,180.345,16.2,0.232
4,208.903,163.27,21.8,0.196
5,214.961,175.368,18.4,0.206
6,175.922,152.482,13.3,0.232
7,201.984,165.274,18.2,0.168
8,204.257,176.544,13.6,0.253
9,217.253,172.024,20.8,0.237
0,216.199,185.432,14.2,0.258
1,204.92,176.984,13.6,0.198
2,217.823,191.499,12.1,0.22
3,214.206,165.218,22.9,0.13
4,236.378,175.619,25.7,0.214
5,223.886,176.02,21.4,0.202
6,202.794,181.721,10.4,0.185
7,212.38,192.384,9.4,0.175
8,233.614,181.107,22.5,0.222
9,218.159,181.188,16.9,0.226
0,214.361,175.036,18.3,0.194
1,189.752,162.495,14.4,0.105
2,206.357,181.274,12.2,0.182
3,206.418,166.503,19.3,0.161
4,221.081,176.207,20.3,0.295
5,194.352,167.985,13.6,0.15
6,188.938,166.858,11.7,0.252
7,207.812,161.608,22.2,0.154
8,223.252,193.542,13.3,0.188
9,179.74,158.616,11.8,0.117
0,173.101,155.624,10.1,0.144
1,192.635,160.793,16.5,0.251
2,202.125,166.146,17.8,0.46
3,186.129,146.047,21.5,0.219
4,173.215,150.82,12.9,0.225
5,190.83,167.463,12.2,0.187
6,209.2,157.582,24.7,0.416
7,163.156,153.747,5.8,0.19
8,197.01,176.456,10.4,0.133
9,207.735,162.112,22.0,0.26
0,205.728,183.964,10.6,0.217
1,227.592,161.306,29.1,0.258
2,209.377,182.452,12.9,0.354
3,211.638,191.165,9.7,0.38
4,196.706,173.798,11.6,0.143
5,213.804,181.956,14.9,0.131
6,210.99,198.088,6.1,0.191
7,184.999,160.79,13.1,0.134
8,219.235,187.408,14.5,0.216
9,210.053,188.317,10.3,0.396
0,191.91,167.979,12.5,0.244
1,209.593,185.86,11.3,0.43
2,205.27,192.574,6.2,0.239
3,217.3,175.474,19.2,0.492
4,236.09,176.026,25.4,0.591
5,200.594,177.361,11.6,0.32
6,197.113,160.754,18.4,0.409
7,222.942,184.703,17.2,0.328
8,195.563,166.66,14.8,0.32
9,205.146,172.47,15.9,0.378
0,249.183,189.037,24.1,0.453
1,258.32,208.508,19.3,0.432
2,223.263,194.114,13.1,0.461
3,222.987,183.646,17.6,0.404
4,261.649,203.628,22.2,0.68
5,245.674,186.949,23.9,0.432
6,244.026,189.322,22.4,0.524
7,235.728,202.962,13.9,0.42
8,246.168,205.434,16.5,0.443
9,253.453,199.016,21.5,0.471
0,187.056,159.476,14.7,0.522
1,204.557,174.202,14.8,0.277
2,195.536,166.843,14.7,0.347
3,170.913,135.534,20.7,0.347
4,170.322,158.313,7.1,0.136
5,190.35,149.668,21.4,0.413
6,200.526,166.811,16.8,0.354
7,192.125,156.864,18.4,0.204
8,173.018,152.813,11.7,0.267
9,211.852,151.803,28.3,0.454
0,194.201,169.845,12.5,0.401
1,177.585,160.086,9.9,0.151
2,188.603,155.232,17.7,0.382
3,229.518,172.474,24.9,0.499
4,216.438,149.623,30.9,0.523
5,197.75,165.931,16.1,0.449
6,202.237,166.912,17.5,0.381
7,199.447,162.926,18.3,0.256
8,202.284,169.781,16.1,0.355
9,197.907,155.005,21.7,0.223
0,210.816,180.099,14.6,0.524
1,220.098,184.66,16.1,0.233
2,204.725,174.712,14.7,0.265
3,208.386,187.544,10.0,0.359
4,227.532,190.142,16.4,0.502
5,199.268,160.707,19.4,0.271
6,201.257,174.994,13.0,0.287
7,200.358,165.132,17.6,0.697
8,209.886,186.706,11.0,0.319
9,236.0,193.031,18.2,0.405
0,245.369,212.643,13.3,0.53
1,280.668,203.656,27.4,0.586
2,264.668,194.638,26.5,0.751
3,288.96,224.578,22.3,0.406
4,273.054,221.852,18.8,0.384
5,262.402,218.004,16.9,0.607
6,262.385,187.552,28.5,0.453
7,275.825,208.525,24.4,0.391
8,242.315,202.768,16.3,0.396
9,270.393,220.715,18.4,0.434
0,208.654,181.635,12.9,0.235
1,227.394,204.923,9.9,0.808
2,230.239,196.558,14.6,0.252
3,188.426,164.298,12.8,0.348
4,187.521,158.856,15.3,0.328
5,182.112,163.352,10.3,0.215
6,198.296,161.236,18.7,0.274
7,194.972,154.893,20.6,0.454
8,213.134,173.633,18.5,0.301
9,200.313,168.153,16.1,0.17
0,226.038,203.545,10.0,0.228
1,223.815,195.351,12.7,0.325
2,240.711,204.452,15.1,0.487
3,249.396,210.927,15.4,0.378
4,238.34,186.526,21.7,0.29
5,240.507,209.812,12.8,0.408
6,268.882,215.52,19.8,0.432
7,243.334,209.758,13.8,0.545
8,248.498,207.356,16.6,0.384
9,206.02,189.197,8.2,0.246
0,228.952,189.368,17.3,0.455
1,240.062,196.995,17.9,0.224
2,269.966,196.882,27.1,0.405
3,214.52,181.305,15.5,0.288
4,235.578,191.188,18.8,0.375
5,202.876,183.074,9.8,0.218
6,216.58,183.815,15.1,0.283
7,248.576,208.799,16.0,0.324
8,236.745,201.049,15.1,0.234
9,257.683,206.722,19.8,0.526
0,266.799,212.106,20.5,0.512
1,274.163,220.765,19.5,0.534
2,268.716,213.704,20.5,0.419
3,282.107,225.622,20.0,0.736
4,301.987,210.761,30.2,0.522
5,257.316,212.32,17.5,0.763
6,268.677,230.346,14.3,0.705
7,287.657,221.833,22.9,0.563
8,266.497,206.328,22.6,0.672
9,284.252,232.464,18.2,0.474
0,295.984,230.917,22.0,0.742
1,286.874,230.557,19.6,0.791
2,296.67,242.385,18.3,0.554
3,280.13,246.812,11.9,0.753
4,264.644,214.894,18.8,0.637
5,293.152,221.253,24.5,1.094
6,286.545,237.311,17.2,0.604
7,305.642,238.412,22.0,1.57
8,297.721,209.593,29.6,0.85
9,298.107,220.283,26.1,0.43
0,246.047,199.749,18.8,1.155
1,256.74,209.791,18.3,1.006
2,243.291,198.781,18.3,0.541
3,228.73,187.45,18.0,0.67
4,247.071,187.055,24.3,0.83
5,245.557,185.274,24.5,0.841
6,255.492,187.466,26.6,0.701
7,224.857,194.153,13.7,1.243
8,242.102,207.228,14.4,0.898
9,246.819,196.334,20.5,0.896
0,246.021,206.977,15.9,0.706
1,264.069,225.575,14.6,0.747
2,264.688,217.502,17.8,0.621
3,265.52,226.569,14.7,0.472
4,252.824,207.826,17.8,0.789
5,256.63,207.294,19.2,0.878
6,298.268,218.725,26.7,1.277
7,251.48,228.72,9.1,0.731
8,262.884,226.005,14.0,0.806
9,259.558,216.61,16.5,0.577
0,257.742,218.759,15.1,0.674
1,261.874,244.897,6.5,0.56
2,262.813,210.597,19.9,0.863
3,263.674,233.005,11.6,0.421
4,270.935,226.682,16.3,0.594
5,263.156,220.719,16.1,0.687
6,286.547,219.76,23.3,1.304
7,253.108,224.716,11.2,0.572
8,258.09,237.134,8.1,0.422
9,306.595,227.132,25.9,0.642
0,237.899,206.684,13.1,0.622
1,227.709,199.712,12.3,0.574
2,259.561,200.575,22.7,1.274
3,241.051,190.471,21.0,0.537
4,238.022,188.864,20.7,0.795
5,256.311,209.594,18.2,0.467
6,240.09,202.8,15.5,0.576
7,222.642,188.795,15.2,0.312
8,268.553,204.331,23.9,0.575
9,248.814,196.227,21.1,0.729
0,257.152,219.373,14.7,0.512
1,250.299,198.966,20.5,0.376
2,241.188,193.581,19.7,0.798
3,256.998,225.313,12.3,0.597
4,268.922,205.656,23.5,1.005
5,229.566,205.064,10.7,0.58
6,251.505,212.857,15.4,0.953
7,247.618,215.462,13.0,0.614
8,274.311,219.713,19.9,0.859
9,253.553,197.984,21.9,0.699
0,276.847,253.745,8.3,1.113
1,322.579,263.213,18.4,1.011
2,338.428,261.152,22.8,0.874
3,308.49,254.62,17.5,1.344
4,361.607,291.186,19.5,0.933
5,331.945,281.153,15.3,0.98
6,290.668,252.368,13.2,0.684
7,340.498,274.595,19.4,0.686
8,312.354,256.342,17.9,0.855
9,318.412,262.067,17.7,0.654
0,258.363,209.701,18.8,0.737
1,276.582,221.733,19.8,0.837
2,266.657,219.776,17.6,0.888
3,258.129,223.607,13.4,0.614
4,249.701,227.147,9.0,0.481
5,268.429,222.722,17.0,0.992
6,278.253,221.557,20.4,0.681
7,255.457,234.677,8.1,0.727
8,235.67,224.588,4.7,0.533
9,265.549,227.025,14.5,0.838
0,262.699,213.261,18.8,0.863
1,256.186,206.768,19.3,0.86
2,247.746,215.797,12.9,0.655
3,288.178,213.861,25.8,1.869
4,248.974,225.187,9.6,0.539
5,246.685,208.399,15.5,0.925
6,261.273,209.212,19.9,1.307
7,290.716,223.721,23.0,0.738
8,238.75,210.01,12.0,0.471
9,249.436,205.19,17.7,1.178
0,321.019,268.098,16.5,0.565
1,344.147,242.127,29.6,0.673
2,314.478,234.916,25.3,0.694
3,328.698,256.669,21.9,0.897
4,342.38,263.935,22.9,0.712
5,341.384,247.23,27.6,0.791
6,307.951,251.385,18.4,0.439
7,341.164,285.739,16.2,0.904
8,322.104,251.15,22.0,0.395
9,331.221,261.22,21.1,0.621
0,311.494,268.947,13.7,1.074
1,298.279,268.812,9.9,0.863
2,282.302,243.024,13.9,0.944
3,307.635,239.586,22.1,1.705
4,269.527,237.739,11.8,0.611
5,337.012,285.959,15.1,1.741
6,302.094,248.025,17.9,1.304
7,308.935,263.022,14.9,1.049
8,302.692,261.23,13.7,1.009
9,299.537,258.687,13.6,1.74
0,325.599,258.201,20.7,1.098
1,309.421,224.063,27.6,0.907
2,304.253,271.467,10.8,1.345
3,324.064,248.204,23.4,1.901
4,352.064,230.436,34.5,1.677
5,289.445,260.592,10.0,0.743
6,314.618,232.612,26.1,0.874
7,322.898,242.912,24.8,1.104
8,301.991,233.26,22.8,0.827
9,331.701,258.773,22.0,1.139
0,306.199,267.916,12.5,1.413
1,310.285,268.051,13.6,1.137
2,305.837,261.179,14.6,1.748
3,303.473,261.166,13.9,0.82
4,298.462,245.646,17.7,0.696
5,322.166,257.551,20.1,0.962
6,305.413,252.582,17.3,1.256
7,294.962,257.902,12.6,1.669
8,318.751,266.242,16.5,1.5
9,322.306,243.144,24.6,1.679
0,307.751,268.664,12.7,1.024
1,281.118,239.665,14.7,0.912
2,266.996,238.999,10.5,0.759
3,307.498,256.924,16.4,1.142
4,281.853,247.888,12.1,0.696
5,303.412,245.443,19.1,1.227
6,286.29,233.006,18.6,0.719
7,273.406,228.535,16.4,0.792
8,275.207,230.211,16.3,0.935
9,285.868,266.352,6.8,0.883
0,335.844,259.102,22.9,0.927
1,329.442,273.444,17.0,1.493
2,327.08,266.625,18.5,1.381
3,332.869,274.09,17.7,1.232
4,332.19,262.776,20.9,0.942
5,354.155,276.026,22.1,1.222
6,330.654,266.832,19.3,1.232
7,322.23,272.698,15.4,1.142
8,337.84,285.459,15.5,1.24
9,331.416,263.907,20.4,1.054
0,276.051,239.569,13.2,0.782
1,262.695,216.751,17.5,1.079
2,270.494,210.018,22.4,0.802
3,256.549,221.944,13.5,0.835
4,277.993,230.938,16.9,0.861
5,267.503,232.452,13.1,0.853
6,263.929,226.151,14.3,1.27
7,266.869,232.756,12.8,1.262
8,290.2,229.459,20.9,0.769
9,272.908,224.893,17.6,1.156
0,309.512,255.901,17.3,0.994
1,290.768,237.756,18.2,1.431
2,300.584,262.455,12.7,1.06
3,310.261,257.261,17.1,0.962
4,282.354,232.402,17.7,1.309
5,277.908,238.835,14.1,0.771
6,304.595,260.529,14.5,1.42
7,262.899,228.107,13.2,1.009
8,289.394,244.6,15.5,1.783
9,311.917,250.33,19.7,0.61
0,284.976,257.959,9.5,1.02
1,291.176,251.975,13.5,1.294
2,368.223,260.107,29.4,1.19
3,305.037,249.284,18.3,1.471
4,318.56,271.06,14.9,1.441
5,318.212,261.103,17.9,0.974
6,342.443,245.32,28.4,0.899
7,318.796,245.731,22.9,1.482
8,342.507,264.424,22.8,1.859
9,327.409,275.2,15.9,0.938
0,328.731,275.304,16.3,1.158
1,299.054,252.407,15.6,1.094
2,352.063,254.863,27.6,1.154
3,311.962,253.06,18.9,1.154
4,358.029,281.976,21.2,2.296
5,329.095,266.254,19.1,1.196
6,307.153,259.059,15.7,1.867
7,333.74,254.735,23.7,2.557
8,336.519,283.284,15.8,1.604
9,313.551,268.888,14.2,0.587
0,279.926,209.451,25.2,1.274
1,300.045,240.386,19.9,0.998
2,295.423,221.182,25.1,0.827
3,285.3,221.794,22.3,1.86
4,303.068,220.61,27.2,1.062
5,310.847,231.197,25.6,1.261
6,283.885,216.163,23.9,1.434
7,275.765,224.466,18.6,0.856
8,322.108,228.489,29.1,1.609
9,294.058,219.197,25.5,1.392
0,364.153,273.895,24.8,1.515
1,346.215,301.812,12.8,1.407
2,339.753,288.887,15.0,0.782
3,332.449,271.232,18.4,1.519
4,343.805,291.708,15.2,1.4
5,307.104,259.543,15.5,1.583
6,357.339,280.716,21.4,1.609
7,340.502,280.147,17.7,1.64
8,412.557,285.541,30.8,1.617
9,327.985,291.909,11.0,0.896
0,369.146,282.384,23.5,2.152
1,335.322,280.806,16.3,1.124
2,321.514,263.178,18.1,1.366
3,365.739,281.52,23.0,2.069
4,352.787,277.55,21.3,1.453
5,364.528,302.986,16.9,1.836
6,360.732,284.783,21.1,1.724
7,367.062,291.098,20.7,1.363
8,370.611,289.817,21.8,1.423
9,366.543,290.09,20.9,1.685
0,350.642,257.212,26.6,1.666
1,322.545,257.888,20.0,1.308
2,316.215,271.627,14.1,2.526
3,331.275,266.807,19.5,1.33
4,312.277,265.024,15.1,0.953
5,312.057,264.102,15.4,1.364
6,305.546,264.897,13.3,1.644
7,343.263,266.123,22.5,1.882
8,345.893,285.1,17.6,1.032
9,347.683,268.894,22.7,2.045
0,319.0,275.428,13.7,1.397
1,316.686,274.428,13.3,1.719
2,339.229,261.168,23.0,1.594
3,317.175,271.966,14.3,1.632
4,335.243,267.758,20.1,1.227
5,349.524,289.734,17.1,2.171
6,337.616,277.143,17.9,1.219
7,315.701,267.721,15.2,1.241
8,333.261,248.424,25.5,1.264
9,345.19,255.875,25.9,1.654
0,313.42,268.152,14.4,1.664
1,290.861,246.769,15.2,1.198
2,299.342,265.451,11.3,1.653
3,287.705,256.359,10.9,1.681
4,346.913,270.502,22.0,2.246
5,352.111,270.546,23.2,2.61
6,302.383,242.77,19.7,1.198
7,329.547,252.817,23.3,1.341
8,338.668,264.626,21.9,2.057
9,302.093,251.764,16.7,1.324
0,322.982,254.664,21.2,1.464
1,318.512,268.428,15.7,1.371
2,302.784,257.226,15.0,2.022
3,357.088,272.649,23.6,1.303
4,330.819,273.593,17.3,2.231
5,291.061,241.867,16.9,1.809
6,353.49,258.186,27.0,1.296
7,328.669,281.615,14.3,1.837
8,324.968,264.749,18.5,1.039
9,350.44,267.389,23.7,1.558
0,302.591,251.554,16.9,1.899
1,300.512,277.467,7.7,1.147
2,292.735,248.687,15.0,1.297
3,337.022,260.699,22.6,1.376
4,308.944,259.281,16.1,1.214
5,318.572,262.815,17.5,1.899
6,332.401,278.663,16.2,1.37
7,348.101,252.328,27.5,1.782
8,342.617,291.271,15.0,1.064
9,320.783,253.236,21.1,0.778
0,335.558,272.279,18.9,2.039
1,295.683,244.967,17.2,0.953
2,295.611,248.512,15.9,1.411
3,293.258,252.283,14.0,1.275
4,320.112,249.761,22.0,2.572
5,342.356,267.062,22.0,2.173
6,338.597,273.801,19.1,2.671
7,304.816,236.959,22.3,1.743
8,307.009,258.237,15.9,1.212
9,290.507,228.665,21.3,1.235
0,344.394,300.058,12.9,1.282
1,313.055,277.329,11.4,1.182
2,360.135,295.345,18.0,2.058
3,352.908,312.307,11.5,1.715
4,376.128,264.159,29.8,1.554
5,334.137,271.476,18.8,2.128
6,380.336,316.291,16.8,2.301
7,359.245,281.793,21.6,1.633
8,343.35,279.85,18.5,1.666
9,346.987,282.913,18.5,2.902
0,380.068,292.66,23.0,2.249
1,359.558,286.285,20.4,1.741
2,354.108,284.235,19.7,1.421
3,365.956,282.336,22.8,2.116
4,351.851,266.306,24.3,1.209
5,349.437,267.262,23.5,1.496
6,355.304,288.006,18.9,2.994
7,398.6,250.366,37.2,3.276
8,333.293,266.814,19.9,1.239
9,329.588,267.581,18.8,1.904
0,401.379,361.634,9.9,1.771
1,424.727,355.608,16.3,4.014
2,409.042,345.54,15.5,1.696
3,398.379,339.907,14.7,1.698
4,398.963,334.538,16.1,2.012
5,384.405,340.342,11.5,3.326
6,409.374,332.732,18.7,1.76
7,437.567,360.882,17.5,1.99
8,356.898,331.305,7.2,1.28
9,432.513,348.244,19.5,1.86
0,348.036,285.787,17.9,3.053
1,356.451,262.99,26.2,2.626
2,351.074,256.163,27.0,2.216
3,344.791,270.323,21.6,3.008
4,364.269,246.759,32.3,3.392
5,347.356,281.673,18.9,1.915
6,330.403,259.817,21.4,1.863
7,404.52,256.846,36.5,2.416
8,325.452,268.125,17.6,1.694
9,387.605,258.265,33.4,2.731
0,343.585,315.818,8.1,1.039
1,367.398,292.557,20.4,2.057
2,343.188,298.709,13.0,1.678
3,362.874,313.276,13.7,1.098
4,357.192,302.348,15.4,2.928
5,410.55,320.423,22.0,1.741
6,344.79,297.3,13.8,1.793
7,384.181,300.493,21.8,3.341
8,370.719,300.807,18.9,2.316
9,387.224,300.418,22.4,1.439
0,372.031,305.099,18.0,2.091
1,353.266,295.351,16.4,2.376
2,322.294,266.759,17.2,1.281
3,352.287,297.078,15.7,1.123
4,365.738,284.684,22.2,2.471
5,344.055,296.661,13.8,1.655
6,328.659,283.93,13.6,1.989
7,336.045,289.817,13.8,1.428
8,365.102,281.984,22.8,2.215
9,345.226,295.091,14.5,1.233
0,329.255,286.474,13.0,1.87
1,335.146,290.776,13.2,1.981
2,377.513,281.963,25.3,2.758
3,364.231,272.958,25.1,1.524
4,320.247,250.703,21.7,2.443
5,304.807,254.653,16.5,2.133
6,337.202,275.73,18.2,1.753
7,349.51,283.088,19.0,2.729
8,338.286,282.273,16.6,1.968
9,328.692,257.364,21.7,2.231
0,436.962,294.507,32.6,2.395
1,361.47,326.079,9.8,1.516
2,401.643,315.485,21.5,1.888
3,394.678,323.818,18.0,2.417
4,384.744,319.312,17.0,2.073
5,386.423,308.105,20.3,2.378
6,402.17,330.892,17.7,1.574
7,400.861,308.681,23.0,2.845
8,449.872,318.368,29.2,1.883
9,383.548,297.449,22.4,3.101
0,401.876,300.405,25.2,2.043
1,398.359,319.039,19.9,2.262
2,377.834,301.479,20.2,2.334
3,419.794,316.354,24.6,5.473
4,370.812,310.54,16.3,1.21
5,377.813,290.387,23.1,2.283
6,397.861,301.084,24.3,2.895
7,416.796,332.741,20.2,2.216
8,392.391,292.033,25.6,2.272
9,365.865,297.554,18.7,2.471
0,393.301,281.257,28.5,2.643
1,387.365,306.052,21.0,2.469
2,361.957,299.628,17.2,1.855
3,351.021,286.968,18.2,1.268
4,377.242,298.596,20.8,2.611
5,353.527,291.176,17.6,1.303
6,365.317,309.612,15.2,1.197
7,367.712,288.611,21.5,2.934
8,377.115,312.987,17.0,2.427
9,369.566,316.205,14.4,2.731
0,374.721,278.735,25.6,1.621
1,393.406,281.581,28.4,2.747
2,353.119,288.324,18.3,1.716
3,342.567,266.347,22.2,1.434
4,364.194,266.269,26.9,1.824
5,405.814,303.605,25.2,4.035
6,383.641,277.918,27.6,1.703
7,355.159,291.558,17.9,2.875
8,369.424,280.577,24.1,4.486
9,404.173,308.086,23.8,3.007
0,377.884,297.323,21.3,1.584
1,375.417,303.762,19.1,1.871
2,365.071,307.024,15.9,1.172
3,406.657,323.308,20.5,3.027
4,405.336,330.299,18.5,2.44
5,397.681,300.953,24.3,3.104
6,360.582,302.623,16.1,3.005
7,373.572,336.413,9.9,2.203
8,414.682,345.123,16.8,1.561
9,395.683,311.558,21.3,2.43
0,345.912,290.544,16.0,2.338
1,376.818,323.92,14.0,2.194
2,369.622,313.6,15.2,2.096
3,396.649,310.722,21.7,1.818
4,389.582,342.469,12.1,1.895
5,395.664,311.793,21.2,3.392
6,379.854,325.05,14.4,3.625
7,418.488,318.248,24.0,5.085
8,350.074,306.394,12.5,1.892
9,408.289,307.029,24.8,3.072
0,458.359,369.607,19.4,4.994
1,383.77,338.584,11.8,2.319
2,415.224,345.965,16.7,3.155
3,389.977,336.554,13.7,3.763
4,421.597,345.004,18.2,4.812
5,459.181,342.101,25.5,4.338
6,420.447,350.216,16.7,2.357
7,392.973,347.935,11.5,4.326
8,397.019,345.526,13.0,3.936
9,406.748,321.932,20.9,1.625
0,436.185,348.359,20.1,3.919
1,392.445,335.307,14.6,2.786
2,407.183,339.541,16.6,4.292
3,373.946,339.954,9.1,3.615
4,433.425,321.136,25.9,3.538
5,389.396,319.051,18.1,3.045
6,402.624,328.566,18.4,2.746
7,387.369,327.47,15.5,1.858
8,414.49,344.135,17.0,1.681
9,384.502,324.353,15.6,2.332
0,362.063,320.373,11.5,2.965
1,431.523,330.603,23.4,2.141
2,378.319,308.984,18.3,3.891
3,392.116,326.288,16.8,1.929
4,402.827,319.733,20.6,3.079
5,441.019,338.082,23.3,2.944
6,402.621,315.162,21.7,3.557
7,400.4,329.418,17.7,3.623
8,406.625,313.804,22.8,2.371
9,382.084,310.893,18.6,3.46
0,347.873,273.387,21.4,2.283
1,356.645,304.172,14.7,2.938
2,376.41,302.535,19.6,2.205
3,386.581,315.41,18.4,4.926
4,351.775,304.417,13.5,1.995
5,346.832,294.889,15.0,2.633
6,359.329,301.411,16.1,5.885
7,343.148,302.385,11.9,1.902
8,395.292,318.851,19.3,5.981
9,351.901,298.395,15.2,3.84
0,412.473,322.779,21.7,2.972
1,459.61,363.478,20.9,4.456
2,447.463,344.148,23.1,3.273
3,440.283,352.304,20.0,2.488
4,463.801,334.937,27.8,5.464
5,486.059,342.95,29.4,4.147
6,389.124,327.743,15.8,2.513
7,426.864,362.675,15.0,2.576
8,441.397,358.043,18.9,5.029
9,448.189,377.027,15.9,4.109
0,418.025,336.758,19.4,3.116
1,464.728,351.653,24.3,1.775
2,442.527,361.977,18.2,4.343
3,400.236,326.154,18.5,2.665
4,384.934,333.025,13.5,1.575
5,441.849,341.102,22.8,3.564
6,448.221,341.856,23.7,1.923
7,455.997,353.723,22.4,2.48
8,415.095,318.457,23.3,2.442
9,374.25,336.3,10.1,2.38
0,359.444,324.038,9.9,2.25
1,377.232,299.873,20.5,2.982
2,397.617,324.339,18.4,2.843
3,383.223,277.75,27.5,2.148
4,398.513,301.763,24.3,2.842
5,396.937,301.308,24.1,2.912
6,356.325,299.637,15.9,3.427
7,412.82,325.869,21.1,2.651
8,349.369,303.161,13.2,3.487
9,377.952,311.152,17.7,4.428
0,364.618,304.553,16.5,2.214
1,393.616,315.922,19.7,3.934
2,374.318,301.219,19.5,2.741
3,347.516,299.468,13.8,1.59
4,394.724,310.997,21.2,3.682
5,367.296,317.835,13.5,3.193
6,367.289,323.044,12.0,1.235
7,383.452,300.079,21.7,2.532
8,380.287,302.209,20.5,3.568
9,372.316,326.38,12.3,3.005
0,424.142,337.572,20.4,2.626
1,405.588,333.445,17.8,1.649
2,420.3,327.674,22.0,3.175
3,413.629,330.337,20.1,2.08
4,374.226,326.476,12.8,3.103
5,399.044,338.899,15.1,2.602
6,399.799,326.164,18.4,4.755
7,409.26,304.572,25.6,2.758
8,399.804,306.224,23.4,2.706
9,388.735,339.908,12.6,2.031
0,433.471,362.086,16.5,5.409
1,416.47,326.864,21.5,2.182
2,417.535,331.99,20.5,2.543
3,409.569,329.664,19.5,3.561
4,460.78,340.483,26.1,4.645
5,439.291,342.63,22.0,4.379
6,413.8,337.354,18.5,5.199
7,377.883,333.662,11.7,3.233
8,406.966,338.748,16.8,3.758
9,398.68,334.721,16.0,2.655
0,392.018,321.979,17.9,3.628
1,418.83,335.281,19.9,2.59
2,391.985,338.432,13.7,2.539
3,378.148,338.461,10.5,2.631
4,490.636,373.245,23.9,4.022
5,415.24,328.266,20.9,3.364
6,428.8,361.844,15.6,4.361
7,372.894,322.541,13.5,2.986
8,401.759,339.523,15.5,3.961
9,403.448,353.093,12.5,3.84
0,435.618,359.278,17.5,4.394
1,398.483,346.472,13.1,3.855
2,409.237,341.888,16.5,3.713
3,423.846,327.796,22.7,5.904
4,440.903,357.884,18.8,3.036
5,420.802,365.651,13.1,3.533
6,423.566,359.036,15.2,5.431
7,416.089,351.797,15.5,3.115
8,484.909,353.909,27.0,2.938
9,468.205,362.748,22.5,4.225
0,370.14,322.408,12.9,4.236
1,424.789,346.627,18.4,3.857
2,369.038,311.674,15.5,2.656
3,391.68,325.519,16.9,3.034
4,383.88,321.078,16.4,2.822
5,379.424,312.694,17.6,2.791
6,402.395,313.324,22.1,2.353
7,399.99,336.814,15.8,1.988
8,395.835,321.25,18.8,3.25
9,421.696,340.261,19.3,3.562
0,431.245,336.177,22.0,5.099
1,454.083,359.428,20.8,4.369
2,442.362,357.558,19.2,4.087
3,418.333,340.436,18.6,3.484
4,435.904,349.948,19.7,4.402
5,430.007,356.99,17.0,5.08
6,432.093,371.066,14.1,4.255
7,460.067,345.139,25.0,3.33
8,456.96,369.744,19.1,4.254
9,412.526,337.081,18.3,3.187
0,397.59,339.467,14.6,3.388
1,460.383,347.71,24.5,4.589
2,406.495,340.758,16.2,4.59
3,398.99,319.995,19.8,3.24
4,387.17,318.18,17.8,7.568
5,402.426,345.932,14.0,3.988
6,389.92,345.768,11.3,4.205
7,375.978,328.007,12.8,4.11
8,363.874,337.092,7.4,2.092
9,426.156,338.222,20.6,5.74
0,354.508,310.375,12.4,4.818
1,375.45,308.821,17.7,3.045
2,383.085,301.578,21.3,7.301
3,370.602,311.995,15.8,5.418
4,416.085,322.746,22.4,4.022
5,412.501,318.894,22.7,3.254
6,363.639,283.07,22.2,2.282
7,360.723,295.109,18.2,5.319
8,381.073,313.16,17.8,3.913
9,385.955,292.573,24.2,3.738
0,467.669,388.61,16.9,3.496
1,470.593,384.589,18.3,6.15
2,439.895,361.263,17.9,2.862
3,432.32,340.929,21.1,3.711
4,434.883,356.944,17.9,3.06
5,402.099,343.606,14.5,2.699
6,428.325,367.56,14.2,4.342
7,445.714,369.539,17.1,4.581
8,484.395,357.462,26.2,3.694
9,433.162,334.77,22.7,5.453
0,396.743,337.7,14.9,3.095
1,415.044,352.757,15.0,5.945
2,433.401,332.073,23.4,5.579
3,382.674,347.256,9.3,3.437
4,385.661,338.607,12.2,3.312
5,364.717,317.693,12.9,3.368
6,405.166,320.93,20.8,4.682
7,374.594,323.001,13.8,2.954
8,361.717,324.155,10.4,2.72
9,391.4,325.248,16.9,4.054
0,454.822,378.082,16.9,3.433
1,447.304,348.113,22.2,3.968
2,431.539,355.09,17.7,5.46
3,452.508,350.537,22.5,2.563
4,440.982,353.596,19.8,4.017
5,423.217,347.494,17.9,3.591
6,476.768,355.868,25.4,2.903
7,440.088,353.051,19.8,3.905
8,415.528,347.478,16.4,3.177
9,440.223,357.631,18.8,3.027
0,421.273,318.866,24.3,6.112
1,430.882,365.663,15.1,4.301
2,482.495,384.96,20.2,6.128
3,441.417,360.944,18.2,4.474
4,466.227,350.238,24.9,7.758
5,427.171,352.764,17.4,8.8
6,480.856,361.098,24.9,5.007
7,433.477,359.151,17.1,2.708
8,472.084,378.244,19.9,6.75
9,422.369,327.387,22.5,6.127
0,424.729,352.296,17.1,4.019
1,408.958,320.878,21.5,5.824
2,426.902,351.434,17.7,5.627
3,377.735,316.151,16.3,4.72
4,433.468,353.142,18.5,5.349
5,397.561,330.098,17.0,4.446
6,403.247,334.12,17.1,8.102
7,449.871,332.771,26.0,5.466
8,420.897,355.128,15.6,5.681
9,421.382,313.778,25.5,7.97
0,461.622,360.388,21.9,5.951
1,459.337,360.001,21.6,5.027
2,434.137,356.442,17.9,3.635
3,421.478,361.199,14.3,7.377
4,477.944,363.296,24.0,3.72
5,509.299,374.465,26.5,3.584
6,456.974,363.3,20.5,5.043
7,496.187,360.729,27.3,3.463
8,490.292,376.607,23.2,5.971
9,471.146,347.07,26.3,5.72
0,453.756,358.356,21.0,10.277
1,464.143,370.544,20.2,6.443
2,464.729,364.156,21.6,3.615
3,444.936,359.216,19.3,3.908
4,411.413,365.21,11.2,2.64
5,457.862,368.364,19.5,5.717
6,439.562,343.517,21.9,6.885
7,450.073,374.291,16.8,4.26
8,440.743,373.037,15.4,6.713
9,424.163,360.668,15.0,5.131
0,422.517,354.21,16.2,4.86
1,429.942,343.208,20.2,6.978
2,436.786,350.622,19.7,3.84
3,465.206,374.798,19.4,3.811
4,466.47,331.053,29.0,4.054
5,478.722,360.391,24.7,4.792
6,398.733,329.58,17.3,4.384
7,386.034,315.614,18.2,3.907
8,399.764,339.079,15.2,4.418
9,437.33,367.04,16.1,6.021
0,401.985,340.973,15.2,5.066
1,436.698,345.217,20.9,3.932
2,433.309,343.316,20.8,6.786
3,424.131,349.928,17.5,4.389
4,436.339,334.655,23.3,4.638
5,415.696,344.803,17.1,4.488
6,427.928,332.472,22.3,3.443
7,410.417,372.685,9.2,4.283
8,461.143,347.858,24.6,5.874
9,444.588,353.772,20.4,5.333
0,447.204,351.906,21.3,3.255
1,481.824,358.524,25.6,6.039
2,485.717,373.443,23.1,3.777
3,486.266,368.784,24.2,3.14
4,485.391,387.925,20.1,3.546
5,457.996,359.367,21.5,6.882
6,465.789,355.808,23.6,4.481
7,472.704,365.377,22.7,5.676
8,482.192,383.778,20.4,4.576
9,451.468,367.082,18.7,5.033
0,502.481,402.728,19.9,4.634
1,467.682,384.456,17.8,4.219
2,471.917,363.809,22.9,3.584
3,463.873,390.547,15.8,6.131
4,467.971,387.535,17.2,4.7
5,476.244,388.477,18.4,6.537
6,432.19,360.116,16.7,3.831
7,416.923,361.985,13.2,5.683
8,472.242,394.45,16.5,3.604
9,456.638,385.577,15.6,5.017
0,486.699,385.951,20.7,8.233
1,464.838,395.132,15.0,6.279
2,516.68,362.897,29.8,3.885
3,507.478,388.944,23.4,5.147
4,460.329,355.968,22.7,5.42
5,467.277,381.345,18.4,3.031
6,495.994,370.907,25.2,3.942
7,448.234,382.69,14.6,3.857
8,468.103,398.879,14.8,6.262
9,462.014,382.764,17.2,3.255
0,512.408,360.145,29.7,4.85
1,463.059,394.797,14.7,3.788
2,475.695,351.596,26.1,3.478
3,484.702,394.888,18.5,6.927
4,463.77,364.904,21.3,2.625
5,499.67,380.73,23.8,4.805
6,491.926,338.525,31.2,5.501
7,470.135,398.62,15.2,3.077
8,469.837,380.29,19.1,6.418
9,476.999,360.11,24.5,3.956
0,480.49,379.5,21.0,7.373
1,468.921,396.392,15.5,4.761
2,478.257,402.373,15.9,4.815
3,490.001,364.515,25.6,6.965
4,472.974,384.069,18.8,5.95
5,472.867,375.851,20.5,6.461
6,495.743,403.76,18.6,9.927
7,471.036,388.685,17.5,6.047
8,467.769,359.541,23.1,7.609
9,499.321,366.687,26.6,6.782
0,488.71,393.136,19.6,3.897
1,501.082,380.359,24.1,6.247
2,481.045,401.195,16.6,6.332
3,503.358,404.664,19.6,4.947
4,450.279,389.705,13.5,5.588
5,501.115,413.91,17.4,5.564
6,500.319,422.972,15.5,4.379
7,448.646,397.998,11.3,6.214
8,478.055,404.905,15.3,7.079
9,472.779,407.203,13.9,4.494
0,512.155,406.99,20.5,8.036
1,510.841,420.937,17.6,4.728
2,477.057,408.054,14.5,4.531
3,483.599,397.909,17.7,6.309
4,482.199,402.917,16.4,4.093
5,485.864,388.574,20.0,3.989
6,530.319,424.614,19.9,5.055
7,493.674,399.014,19.2,5.211
8,470.905,400.16,15.0,5.236
9,489.502,397.048,18.9,6.368
0,443.426,345.379,22.1,7.633
1,474.474,374.162,21.1,4.328
2,508.393,390.192,23.2,9.296
3,439.7,366.905,16.6,4.518
4,454.46,379.316,16.5,3.934
5,471.922,377.663,20.0,8.203
6,452.788,333.263,26.4,6.922
7,428.738,358.899,16.3,6.606
8,493.54,378.561,23.3,6.158
9,423.772,353.73,16.5,6.482
0,544.233,447.018,17.9,6.934
1,518.729,450.518,13.1,9.764
2,533.229,405.109,24.0,4.885
3,534.483,451.649,15.5,6.428
4,489.642,417.059,14.8,6.671
5,502.494,431.033,14.2,6.658
6,510.97,404.69,20.8,5.147
7,572.294,439.701,23.2,4.269
8,479.235,408.66,14.7,10.283
9,503.8,423.214,16.0,5.598
0,455.579,382.745,16.0,6.006
1,459.273,377.338,17.8,4.823
2,487.314,429.597,11.8,4.302
3,481.645,403.2,16.3,7.73
4,473.328,399.464,15.6,5.692
5,517.724,375.193,27.5,6.679
6,489.682,369.884,24.5,5.623
7,482.514,359.23,25.6,7.987
8,451.504,370.12,18.0,6.205
9,427.133,378.074,11.5,3.002
0,487.264,411.3,15.6,6.428
1,526.921,433.112,17.8,8.378
2,550.226,412.752,25.0,5.289
3,545.104,452.198,17.0,6.768
4,503.559,441.946,12.2,6.094
5,540.784,430.029,20.5,9.083
6,595.054,458.9,22.9,5.363
7,546.41,457.736,16.2,5.266
8,488.964,404.762,17.2,3.692
9,526.163,433.289,17.7,5.923
0,516.062,412.697,20.0,7.998
1,486.614,417.785,14.1,5.292
2,469.115,395.611,15.7,4.47
3,518.377,386.322,25.5,6.232
4,434.935,366.735,15.7,8.814
5,449.135,386.796,13.9,4.539
6,462.792,383.286,17.2,7.026
7,437.377,374.347,14.4,4.241
8,446.965,407.297,8.9,4.896
9,440.635,370.357,15.9,6.317
0,535.625,410.331,23.4,6.007
1,568.357,460.977,18.9,8.685
2,579.166,442.998,23.5,6.176
3,565.824,436.165,22.9,4.646
4,486.114,408.984,15.9,4.286
5,519.652,437.618,15.8,7.204
6,523.307,411.917,21.3,8.087
7,580.91,462.795,20.3,5.864
8,534.201,432.124,19.1,5.225
9,572.529,448.52,21.7,5.828
0,443.639,381.313,14.0,4.067
1,487.185,390.046,19.9,6.697
2,466.218,371.147,20.4,4.377
3,430.867,368.795,14.4,3.671
4,429.864,355.945,17.2,3.635
5,462.949,373.856,19.2,5.43
6,443.815,368.617,16.9,5.156
7,434.76,370.555,14.8,7.292
8,468.51,371.872,20.6,8.928
9,458.976,362.785,21.0,3.696
0,529.534,419.36,20.8,10.054
1,485.065,432.969,10.7,5.118
2,467.913,410.422,12.3,7.273
3,469.797,383.577,18.4,5.29
4,471.436,409.428,13.2,5.321
5,485.815,401.197,17.4,10.554
6,554.051,422.058,23.8,10.277
7,483.74,406.86,15.9,10.182
8,535.519,422.836,21.0,10.42
9,491.632,400.04,18.6,6.65
0,499.282,399.278,20.0,8.056
1,503.767,412.731,18.1,7.055
2,526.815,426.142,19.1,10.662
3,504.86,410.228,18.7,6.815
4,484.13,393.46,18.7,6.43
5,493.912,401.337,18.7,7.668
6,510.1,403.451,20.9,7.077
7,494.887,410.653,17.0,8.169
8,523.985,399.42,23.8,8.918
9,514.513,423.396,17.7,5.958
0,483.67,381.957,21.0,7.264
1,478.055,398.433,16.7,8.148
2,498.779,412.81,17.2,10.09
3,535.794,411.103,23.3,7.383
4,491.3,397.608,19.1,10.192
5,497.555,423.49,14.9,10.126
6,487.585,400.312,17.9,7.775
7,513.278,402.764,21.5,10.496
8,458.337,393.703,14.1,6.418
9,480.635,394.122,18.0,9.216
0,485.593,415.23,14.5,7.111
1,539.386,405.672,24.8,4.805
2,562.315,452.633,19.5,7.058
3,559.51,445.777,20.3,6.667
4,508.461,417.677,17.9,3.246
5,538.179,426.195,20.8,7.507
6,562.349,428.105,23.9,6.024
7,544.272,445.665,18.1,6.679
8,495.792,415.486,16.2,6.042
9,520.157,428.915,17.5,7.257
0,576.025,451.964,21.5,5.57
1,550.465,445.717,19.0,8.589
2,487.981,417.769,14.4,6.35
3,565.16,429.159,24.1,10.197
4,529.638,435.896,17.7,7.166
5,567.931,433.736,23.6,5.619
6,561.68,420.631,25.1,7.46
7,517.744,439.988,15.0,10.152
8,570.719,460.561,19.3,9.447
9,586.38,444.655,24.2,9.478
0,497.03,407.138,18.1,7.072
1,465.025,361.36,22.3,4.619
2,461.515,406.008,12.0,3.941
3,499.375,399.454,20.0,5.267
4,493.341,397.185,19.5,6.878
5,443.858,383.769,13.5,8.984
6,470.111,394.772,16.0,9.516
7,504.822,415.982,17.6,6.006
8,523.171,410.395,21.6,6.579
9,480.429,392.907,18.2,5.7
0,538.909,429.32,20.3,10.408
1,489.605,427.254,12.7,7.324
2,562.7,448.707,20.3,9.17
3,545.197,455.65,16.4,6.897
4,556.216,449.703,19.1,10.622
5,528.11,447.957,15.2,9.524
6,543.954,439.003,19.3,7.047
7,529.404,464.3,12.3,9.166
8,556.386,451.805,18.8,8.321
9,568.6,452.964,20.3,8.807
0,462.126,397.51,14.0,10.291
1,483.761,406.55,16.0,6.484
2,543.409,434.96,20.0,8.574
3,533.33,414.874,22.2,6.92
4,491.102,385.608,21.5,9.37
5,496.52,421.433,15.1,10.13
6,551.43,426.502,22.7,8.043
7,532.5,426.132,20.0,10.128
8,549.245,417.003,24.1,9.07
9,527.102,421.132,20.1,9.521
0,501.461,415.437,17.2,8.055
1,458.892,401.651,12.5,5.053
2,480.658,414.828,13.7,6.806
3,521.21,451.499,13.4,10.071
4,505.649,392.562,22.4,6.413
5,478.223,391.82,18.1,6.18
6,495.509,398.784,19.5,4.1
7,486.548,398.815,18.0,10.527
8,482.78,398.202,17.5,5.931
9,496.487,411.967,17.0,5.741
0,520.096,398.883,23.3,6.665
1,497.045,414.341,16.6,8.573
2,536.574,421.84,21.4,10.36
3,520.545,404.851,22.2,6.863
4,535.342,423.674,20.9,5.756
5,493.806,412.822,16.4,6.443
6,507.437,409.056,19.4,6.868
7,527.146,402.642,23.6,7.085
8,537.121,417.562,22.3,10.217
9,530.258,434.133,18.1,7.443
0,535.969,441.369,17.7,8.869
1,546.189,470.644,13.8,8.055
2,538.151,466.858,13.2,6.631
3,537.535,452.865,15.8,8.589
4,547.279,472.99,13.6,6.855
5,551.744,447.672,18.9,9.483
6,541.334,443.668,18.0,7.338
7,513.184,449.938,12.3,8.187
8,544.223,464.41,14.7,6.002
9,555.675,457.292,17.7,10.521
0,574.512,475.154,17.3,9.983
1,561.081,473.869,15.5,10.841
2,573.886,468.88,18.3,10.321
3,552.312,469.049,15.1,10.345
4,555.995,471.517,15.2,10.135
5,565.084,466.083,17.5,8.797
6,567.295,474.004,16.4,10.047
7,525.987,427.634,18.7,8.451
8,552.414,448.349,18.8,8.087
9,539.947,447.601,17.1,7.931
0,567.057,472.895,16.6,10.295
1,613.555,489.616,20.2,9.467
2,622.607,468.694,24.7,10.148
3,595.867,486.062,18.4,8.151
4,570.485,469.808,17.6,10.087
5,604.953,499.869,17.4,10.884
6,601.34,455.857,24.2,9.396
7,613.425,464.66,24.3,10.432
8,597.711,468.581,21.6,4.679
9,573.344,476.82,16.8,10.09
0,642.513,517.775,19.4,10.186
1,618.248,462.005,25.3,8.419
2,557.524,451.003,19.1,10.056
3,580.807,467.298,19.5,8.979
4,619.047,472.345,23.7,10.364
5,620.942,476.229,23.3,6.532
6,597.012,464.228,22.2,8.277
7,608.487,452.014,25.7,7.616
8,678.293,473.196,30.2,7.336
9,564.537,460.741,18.4,7.665
0,569.749,443.076,22.2,10.358
1,527.526,424.365,19.6,8.038
2,554.272,420.629,24.1,7.085
3,517.389,411.598,20.4,10.171
4,604.584,449.378,25.7,6.023
5,552.665,416.827,24.6,6.631
6,572.58,448.791,21.6,6.963
7,599.524,435.833,27.3,8.858
8,564.13,458.884,18.7,10.278
9,617.767,418.909,32.2,8.376
0,507.771,388.384,23.5,7.273
1,527.492,427.041,19.0,7.306
2,551.616,420.337,23.8,7.354
3,572.388,425.416,25.7,10.015
4,495.263,400.936,19.0,7.489
5,502.773,434.909,13.5,10.481
6,527.275,437.548,17.0,10.138
7,505.318,408.892,19.1,6.929
8,549.126,396.959,27.7,10.166
9,508.234,416.783,18.0,8.806
0,561.083,468.384,16.5,6.949
1,559.137,467.326,16.4,10.14
2,556.961,452.073,18.8,7.864
3,517.895,428.382,17.3,9.724
4,573.576,468.014,18.4,10.047
5,561.699,453.489,19.3,5.688
6,538.797,464.138,13.9,10.453
7,546.895,430.361,21.3,6.999
8,556.628,474.582,14.7,10.133
9,565.915,460.556,18.6,7.385
0,578.671,451.145,22.0,9.447
1,549.032,443.344,19.2,9.058
2,491.836,388.2,21.1,10.383
3,545.804,428.997,21.4,8.291
4,540.505,420.696,22.2,7.645
5,541.165,415.735,23.2,7.198
6,455.595,387.39,15.0,7.58
7,555.756,450.656,18.9,6.315
8,513.928,428.323,16.7,6.415
9,538.158,422.534,21.5,6.696
0,552.827,450.232,18.6,5.28
1,539.248,464.283,13.9,5.801
2,569.558,436.915,23.3,6.196
3,528.515,436.376,17.4,7.222
4,533.244,452.694,15.1,7.284
5,507.659,425.47,16.2,4.334
6,537.685,441.837,17.8,9.215
7,553.508,415.305,25.0,7.304
8,520.802,437.865,15.9,4.939
9,499.472,429.39,14.0,10.075
0,586.639,450.561,23.2,9.478
1,541.206,446.632,17.5,8.977
2,571.532,455.868,20.2,8.413
3,577.873,490.753,15.1,10.464
4,611.648,502.763,17.8,9.808
5,575.087,457.501,20.4,10.397
6,574.356,458.696,20.1,7.61
7,570.728,469.244,17.8,5.795
8,599.042,452.278,24.5,9.432
9,576.675,456.893,20.8,9.424
0,625.156,507.733,18.8,10.141
1,619.162,474.183,23.4,10.831
2,603.198,455.407,24.5,8.404
3,575.488,439.395,23.6,8.0
4,562.583,451.894,19.7,7.313
5,573.592,485.122,15.4,9.876
6,567.473,454.194,20.0,8.158
7,579.192,471.296,18.6,10.353
8,571.257,437.657,23.4,7.483
9,592.554,461.671,22.1,10.397
0,569.926,459.163,19.4,10.222
1,646.317,508.663,21.3,10.479
2,572.886,499.935,12.7,9.406
3,586.25,475.007,19.0,10.126
4,589.316,495.674,15.9,10.682
5,618.612,510.738,17.4,10.139
6,655.74,521.1,20.5,7.637
7,618.948,486.502,21.4,7.479
8,547.132,467.763,14.5,8.88
9,630.878,491.302,22.1,10.791
0,559.61,475.287,15.1,10.264
1,594.798,467.534,21.4,10.135
2,623.987,486.914,22.0,10.831
3,560.287,473.837,15.4,10.156
4,564.352,452.539,19.8,7.439
5,577.571,475.058,17.7,10.236
6,569.244,445.64,21.7,9.931
7,579.529,466.526,19.5,8.018
8,591.655,502.97,15.0,11.551
9,590.843,485.825,17.8,10.396
0,580.532,488.775,15.8,10.576
1,561.004,466.616,16.8,10.62
2,572.356,463.286,19.1,10.114
3,675.666,474.15,29.8,8.436
4,674.398,487.213,27.8,10.114
5,591.485,468.782,20.7,9.437
6,614.566,475.294,22.7,10.496
7,559.992,470.556,16.0,8.236
8,661.787,479.702,27.5,7.41
9,576.022,459.776,20.2,6.685
0,553.957,479.712,13.4,10.357
1,549.939,437.504,20.4,7.936
2,553.468,452.826,18.2,10.443
3,567.57,419.143,26.2,10.311
4,575.923,456.097,20.8,10.14
5,589.895,476.162,19.3,7.469
6,553.238,462.44,16.4,8.627
7,617.439,492.789,20.2,10.404
8,579.71,466.129,19.6,9.659
9,587.586,458.84,21.9,9.245
0,632.585,507.0,19.9,10.056
1,616.854,502.375,18.6,10.352
2,625.921,526.272,15.9,10.488
3,623.599,498.428,20.1,8.818
4,623.605,489.243,21.5,11.114
5,562.427,452.113,19.6,8.942
6,601.184,506.48,15.8,10.576
7,597.812,487.956,18.4,10.521
8,566.834,491.879,13.2,6.892
9,662.446,485.301,26.7,10.333
0,614.348,517.584,15.8,11.13
1,606.906,512.078,15.6,10.425
2,671.585,542.47,19.2,10.582
3,617.73,528.973,14.4,10.507
4,576.52,518.673,10.0,9.493
5,692.431,536.691,22.5,10.178
6,680.835,535.95,21.3,10.423
7,686.03,492.283,28.2,9.829
8,674.647,519.834,22.9,10.166
9,621.938,521.003,16.2,10.591
0,567.062,488.147,13.9,10.334
1,566.392,458.078,19.1,10.313
2,587.675,472.572,19.6,10.271
3,612.289,475.586,22.3,9.021
4,511.219,453.287,11.3,6.609
5,576.027,481.848,16.3,8.076
6,574.565,463.752,19.3,7.438
7,610.645,477.158,21.9,8.591
8,542.025,468.001,13.7,10.421
9,593.607,502.955,15.3,10.403
0,613.754,428.484,30.2,8.702
1,481.043,406.13,15.6,9.416
2,538.708,435.807,19.1,10.634
3,548.101,467.849,14.6,10.635
4,532.881,420.971,21.0,7.37
5,537.198,445.86,17.0,10.047
6,508.912,428.246,15.9,10.295
7,562.656,479.94,14.7,10.712
8,547.211,458.277,16.3,10.096
9,514.187,429.366,16.5,8.172
0,608.65,465.197,23.6,10.081
1,519.347,435.865,16.1,9.665
2,572.898,458.244,20.0,10.135
3,591.365,494.511,16.4,10.301
4,617.212,492.839,20.2,10.4
5,586.679,484.967,17.3,10.075
6,591.525,454.061,23.2,10.392
7,602.595,482.848,19.9,9.9
8,617.615,481.448,22.0,10.887
9,604.844,483.5,20.1,10.136
0,611.657,499.91,18.3,10.1
1,617.458,503.842,18.4,11.315
2,669.939,525.654,21.5,10.516
3,614.207,496.94,19.1,10.695
4,611.333,504.007,17.6,10.132
5,612.777,479.541,21.7,10.261
6,656.842,483.396,26.4,10.085
7,629.747,521.93,17.1,9.598
8,657.177,493.178,25.0,9.526
9,636.131,501.714,21.1,10.5
0,594.08,490.252,17.5,10.388
1,561.769,443.859,21.0,7.897
2,582.296,481.48,17.3,10.195
3,579.385,509.452,12.1,10.214
4,604.532,502.288,16.9,10.38
5,561.774,455.916,18.8,10.307
6,509.984,459.4,9.9,10.159
7,617.454,498.69,19.2,10.215
8,534.598,434.235,18.8,10.193
9,528.294,477.388,9.6,9.137
0,602.072,511.643,15.0,9.689
1,645.303,518.887,19.6,7.478
2,631.443,518.983,17.8,7.851
3,617.095,507.772,17.7,9.697
4,660.916,502.905,23.9,8.94
5,658.882,540.11,18.0,10.186
6,682.337,558.736,18.1,10.688
7,626.417,528.141,15.7,10.192
8,610.112,514.397,15.7,8.883
9,610.651,512.009,16.2,6.853
0,551.492,454.795,17.5,7.967
1,592.952,477.795,19.4,10.977
2,506.231,439.585,13.2,10.395
3,537.195,441.901,17.7,9.323
4,560.597,473.357,15.6,10.266
5,611.184,524.26,14.2,10.897
6,574.903,481.691,16.2,10.127
7,573.785,471.247,17.9,10.196
